year,scenario,age_band,metric,incidence_per1000,ci_lo,ci_hi,pct_reduction_vs_BAU,red_lo,red_hi
2023,BAU: SMC-4 (U5),U5,clinical,1676.5,1484.7,1918.2,,,
2023,BAU: SMC-4 (U5),5-10,clinical,3394.8,3149.0,3690.3,,,
2023,BAU: SMC-4 (U5),10-15,clinical,2824.7,2535.8,3111.4,,,
2023,BAU: SMC-4 (U5),U15,clinical,2558.5,2363.2,2782.9,,,
2023,SMC-5 (U5),U5,clinical,1336.3,1161.9,1530.2,20.3,14.0,25.0
2023,SMC-5 (U5),5-10,clinical,3372.2,3120.6,3670.2,0.6,-2.0,2.9
2023,SMC-5 (U5),10-15,clinical,2808.1,2533.1,3103.5,0.6,-2.5,3.2
2023,SMC-5 (U5),U15,clinical,2412.2,2193.0,2619.1,5.7,3.8,7.5
2023,SMC-4 (U10),U5,clinical,1633.3,1423.9,1827.3,2.5,-3.1,10.0
2023,SMC-4 (U10),5-10,clinical,1597.3,1384.6,1828.9,53.0,48.5,57.1
2023,SMC-4 (U10),10-15,clinical,2695.7,2457.4,2983.4,4.5,-2.7,11.8
2023,SMC-4 (U10),U15,clinical,1915.7,1724.5,2127.0,25.1,20.9,28.6
2023,SMC-4 (U15),U5,clinical,1570.9,1336.7,1809.0,6.3,0.5,14.1
2023,SMC-4 (U15),5-10,clinical,1578.9,1330.9,1818.4,53.5,48.7,57.2
2023,SMC-4 (U15),10-15,clinical,1384.7,1202.5,1596.5,51.0,46.3,55.5
2023,SMC-4 (U15),U15,clinical,1521.4,1322.7,1712.1,40.6,37.4,44.5
2023,SMC-5 (U10),U5,clinical,1294.9,1105.6,1499.0,22.8,16.6,29.6
2023,SMC-5 (U10),5-10,clinical,1251.2,1031.8,1455.7,63.2,58.7,66.2
2023,SMC-5 (U10),10-15,clinical,2679.2,2430.8,2918.4,5.1,-0.7,9.9
2023,SMC-5 (U10),U15,clinical,1664.2,1469.5,1854.4,35.0,30.9,38.1
2023,SMC-5 (U15),U5,clinical,1234.5,1037.4,1451.6,26.4,21.1,33.0
2023,SMC-5 (U15),5-10,clinical,1227.0,990.6,1446.1,63.9,59.4,68.0
2023,SMC-5 (U15),10-15,clinical,1132.6,967.0,1306.2,59.9,55.5,63.6
2023,SMC-5 (U15),U15,clinical,1203.6,1021.5,1393.4,53.0,49.0,56.8
2024,BAU: SMC-4 (U5),U5,clinical,1919.1,1709.9,2135.1,,,
2024,BAU: SMC-4 (U5),5-10,clinical,3602.0,3254.4,3935.0,,,
2024,BAU: SMC-4 (U5),10-15,clinical,2947.5,2717.5,3204.7,,,
2024,BAU: SMC-4 (U5),U15,clinical,2755.1,2530.6,2964.6,,,
2024,SMC-5 (U5),U5,clinical,1488.9,1293.4,1704.8,22.3,13.1,30.8
2024,SMC-5 (U5),5-10,clinical,3565.6,3189.5,3846.2,1.0,-5.7,8.8
2024,SMC-5 (U5),10-15,clinical,2900.9,2663.4,3102.0,1.5,-7.3,9.3
2024,SMC-5 (U5),U15,clinical,2559.4,2355.0,2789.7,7.1,2.1,12.2
2024,SMC-4 (U10),U5,clinical,1882.1,1653.5,2120.9,1.8,-7.5,10.6
2024,SMC-4 (U10),5-10,clinical,1846.0,1633.4,2045.8,48.7,42.5,54.4
2024,SMC-4 (U10),10-15,clinical,2812.2,2572.9,3067.1,4.5,-3.2,11.2
2024,SMC-4 (U10),U15,clinical,2127.2,1972.1,2337.7,22.7,17.2,27.9
2024,SMC-4 (U15),U5,clinical,1819.0,1573.8,2037.3,5.1,-6.8,16.1
2024,SMC-4 (U15),5-10,clinical,1854.9,1639.1,2068.1,48.5,43.2,54.2
2024,SMC-4 (U15),10-15,clinical,1562.8,1417.8,1704.1,46.9,41.7,51.8
2024,SMC-4 (U15),U15,clinical,1759.6,1596.7,1937.0,36.1,32.5,40.5
2024,SMC-5 (U10),U5,clinical,1449.0,1275.4,1648.4,24.4,15.7,32.5
2024,SMC-5 (U10),5-10,clinical,1407.3,1236.7,1560.1,60.9,56.8,65.1
2024,SMC-5 (U10),10-15,clinical,2764.6,2486.4,2983.3,6.1,-2.6,14.8
2024,SMC-5 (U10),U15,clinical,1797.3,1638.0,1939.0,34.7,29.6,39.2
2024,SMC-5 (U15),U5,clinical,1407.0,1221.1,1634.3,26.6,17.3,35.4
2024,SMC-5 (U15),5-10,clinical,1389.8,1245.5,1547.2,61.4,57.4,64.5
2024,SMC-5 (U15),10-15,clinical,1219.1,1079.3,1391.9,58.6,52.5,63.1
2024,SMC-5 (U15),U15,clinical,1349.2,1228.0,1487.8,51.0,47.2,55.0
2025,BAU: SMC-4 (U5),U5,clinical,2048.1,1854.2,2240.1,,,
2025,BAU: SMC-4 (U5),5-10,clinical,3666.6,3388.0,3931.5,,,
2025,BAU: SMC-4 (U5),10-15,clinical,3010.7,2766.1,3216.2,,,
2025,BAU: SMC-4 (U5),U15,clinical,2843.9,2665.1,2985.5,,,
2025,SMC-5 (U5),U5,clinical,1688.1,1490.8,1887.9,17.5,6.3,26.6
2025,SMC-5 (U5),5-10,clinical,3640.9,3347.8,3866.6,0.6,-6.7,7.8
2025,SMC-5 (U5),10-15,clinical,2988.4,2691.3,3218.3,0.7,-9.4,10.0
2025,SMC-5 (U5),U15,clinical,2687.6,2482.6,2849.4,5.5,-1.0,10.8
2025,SMC-4 (U10),U5,clinical,2043.7,1857.6,2292.9,0.1,-8.0,10.8
2025,SMC-4 (U10),5-10,clinical,1900.5,1720.9,2081.0,48.1,43.6,52.5
2025,SMC-4 (U10),10-15,clinical,2924.3,2731.3,3141.6,2.8,-5.4,9.6
2025,SMC-4 (U10),U15,clinical,2242.0,2110.5,2398.2,21.1,16.0,25.5
2025,SMC-4 (U15),U5,clinical,2015.2,1773.6,2249.3,1.6,-6.5,9.3
2025,SMC-4 (U15),5-10,clinical,1939.9,1777.8,2144.8,47.1,43.0,51.6
2025,SMC-4 (U15),10-15,clinical,1663.8,1514.8,1836.7,44.7,38.5,50.7
2025,SMC-4 (U15),U15,clinical,1893.0,1760.9,2072.9,33.4,28.9,37.7
2025,SMC-5 (U10),U5,clinical,1652.9,1462.1,1848.1,19.2,12.1,28.5
2025,SMC-5 (U10),5-10,clinical,1492.1,1353.6,1663.7,59.3,55.6,63.0
2025,SMC-5 (U10),10-15,clinical,2857.7,2666.1,3076.2,5.0,-5.2,11.5
2025,SMC-5 (U10),U15,clinical,1934.6,1772.8,2066.1,32.0,28.1,36.2
2025,SMC-5 (U15),U5,clinical,1601.5,1378.9,1819.5,21.8,10.3,32.6
2025,SMC-5 (U15),5-10,clinical,1502.4,1307.2,1700.9,59.0,54.6,63.4
2025,SMC-5 (U15),10-15,clinical,1296.6,1157.1,1494.9,56.9,51.2,62.9
2025,SMC-5 (U15),U15,clinical,1484.5,1305.7,1633.3,47.8,42.8,52.7
2026,BAU: SMC-4 (U5),U5,clinical,1986.5,1774.2,2236.1,,,
2026,BAU: SMC-4 (U5),5-10,clinical,3679.2,3418.8,3922.7,,,
2026,BAU: SMC-4 (U5),10-15,clinical,2972.1,2805.0,3232.3,,,
2026,BAU: SMC-4 (U5),U15,clinical,2814.4,2641.6,2979.8,,,
2026,SMC-5 (U5),U5,clinical,1592.8,1425.9,1777.1,19.6,7.1,29.3
2026,SMC-5 (U5),5-10,clinical,3659.8,3425.5,3973.9,0.5,-9.2,8.3
2026,SMC-5 (U5),10-15,clinical,2969.4,2742.5,3167.6,-0.0,-8.5,7.8
2026,SMC-5 (U5),U15,clinical,2654.2,2469.1,2882.6,5.6,-3.4,12.8
2026,SMC-4 (U10),U5,clinical,1976.2,1734.4,2164.1,0.2,-13.1,15.3
2026,SMC-4 (U10),5-10,clinical,1752.8,1577.1,1928.2,52.3,47.1,58.1
2026,SMC-4 (U10),10-15,clinical,2911.0,2662.6,3199.7,2.0,-6.5,10.3
2026,SMC-4 (U10),U15,clinical,2162.8,1969.8,2357.4,23.1,16.3,29.7
2026,SMC-4 (U15),U5,clinical,1938.1,1725.0,2165.5,2.3,-8.5,12.5
2026,SMC-4 (U15),5-10,clinical,1785.6,1641.6,1984.6,51.4,47.0,55.7
2026,SMC-4 (U15),10-15,clinical,1532.4,1317.7,1699.0,48.4,42.3,55.5
2026,SMC-4 (U15),U15,clinical,1775.3,1644.0,1933.4,36.9,32.8,41.2
2026,SMC-5 (U10),U5,clinical,1573.4,1420.0,1750.9,20.6,11.8,30.5
2026,SMC-5 (U10),5-10,clinical,1355.0,1176.4,1492.3,63.2,59.9,68.1
2026,SMC-5 (U10),10-15,clinical,2915.6,2652.0,3149.4,1.8,-6.1,11.1
2026,SMC-5 (U10),U15,clinical,1874.2,1732.5,1979.0,33.4,28.6,39.0
2026,SMC-5 (U15),U5,clinical,1531.9,1310.9,1721.7,22.8,13.6,31.5
2026,SMC-5 (U15),5-10,clinical,1389.3,1188.7,1578.2,62.2,58.7,66.1
2026,SMC-5 (U15),10-15,clinical,1226.1,1105.3,1384.6,58.7,53.6,64.1
2026,SMC-5 (U15),U15,clinical,1400.0,1246.7,1526.7,50.2,46.5,55.3
2027,BAU: SMC-4 (U5),U5,clinical,2005.4,1794.6,2249.2,,,
2027,BAU: SMC-4 (U5),5-10,clinical,3471.9,3178.1,3759.0,,,
2027,BAU: SMC-4 (U5),10-15,clinical,2736.5,2508.4,2997.9,,,
2027,BAU: SMC-4 (U5),U15,clinical,2690.1,2504.7,2864.8,,,
2027,SMC-5 (U5),U5,clinical,1634.6,1442.4,1865.4,18.3,6.5,26.9
2027,SMC-5 (U5),5-10,clinical,3463.5,3191.4,3676.6,0.1,-9.0,7.3
2027,SMC-5 (U5),10-15,clinical,2728.7,2513.2,2931.3,0.1,-9.3,9.3
2027,SMC-5 (U5),U15,clinical,2539.4,2327.4,2720.5,5.5,-1.9,12.6
2027,SMC-4 (U10),U5,clinical,1999.0,1775.1,2203.8,0.1,-11.2,11.4
2027,SMC-4 (U10),5-10,clinical,1851.4,1717.2,2019.4,46.6,41.5,51.1
2027,SMC-4 (U10),10-15,clinical,2765.6,2577.9,3038.5,-1.2,-14.6,9.2
2027,SMC-4 (U10),U15,clinical,2162.5,2000.4,2331.2,19.5,12.5,26.6
2027,SMC-4 (U15),U5,clinical,1961.2,1757.1,2194.6,2.0,-9.8,13.6
2027,SMC-4 (U15),5-10,clinical,1899.5,1708.4,2093.2,45.2,39.8,49.6
2027,SMC-4 (U15),10-15,clinical,1649.5,1470.2,1824.3,39.6,31.0,46.1
2027,SMC-4 (U15),U15,clinical,1854.6,1714.7,1999.1,31.0,26.1,35.8
2027,SMC-5 (U10),U5,clinical,1587.5,1351.9,1760.9,20.7,6.2,30.4
2027,SMC-5 (U10),5-10,clinical,1377.9,1202.2,1540.4,60.3,56.6,64.0
2027,SMC-5 (U10),10-15,clinical,2710.2,2449.5,2981.4,0.8,-10.2,12.5
2027,SMC-5 (U10),U15,clinical,1830.1,1690.3,1946.1,31.9,27.4,36.5
2027,SMC-5 (U15),U5,clinical,1558.4,1359.7,1749.4,22.1,10.9,31.5
2027,SMC-5 (U15),5-10,clinical,1423.5,1261.5,1588.9,59.0,53.5,64.6
2027,SMC-5 (U15),10-15,clinical,1254.4,1092.2,1389.5,54.1,47.4,60.7
2027,SMC-5 (U15),U15,clinical,1429.4,1291.7,1550.8,46.8,41.6,50.8
2023,BAU: SMC-4 (U5),U5,severe,7.7,0.0,15.1,,,
2023,BAU: SMC-4 (U5),5-10,severe,4.8,0.0,15.5,,,
2023,BAU: SMC-4 (U5),10-15,severe,1.8,0.0,8.8,,,
2023,BAU: SMC-4 (U5),U15,severe,5.1,1.1,10.4,,,
2023,SMC-5 (U5),U5,severe,5.5,0.0,11.7,,,
2023,SMC-5 (U5),5-10,severe,5.4,0.0,13.8,,,
2023,SMC-5 (U5),10-15,severe,1.2,0.0,4.5,,,
2023,SMC-5 (U5),U15,severe,4.3,1.1,8.3,6.5,-126.2,63.4
2023,SMC-4 (U10),U5,severe,7.1,0.0,15.8,,,
2023,SMC-4 (U10),5-10,severe,1.1,0.0,6.8,,,
2023,SMC-4 (U10),10-15,severe,2.2,0.0,10.5,,,
2023,SMC-4 (U10),U15,severe,3.8,0.5,8.8,7.7,-199.4,92.1
2023,SMC-4 (U15),U5,severe,6.7,0.0,16.0,,,
2023,SMC-4 (U15),5-10,severe,1.1,0.0,6.9,,,
2023,SMC-4 (U15),10-15,severe,0.6,0.0,4.5,,,
2023,SMC-4 (U15),U15,severe,3.2,0.0,7.2,32.3,-58.6,100.0
2023,SMC-5 (U10),U5,severe,5.4,0.0,13.8,,,
2023,SMC-5 (U10),5-10,severe,0.9,0.0,3.6,,,
2023,SMC-5 (U10),10-15,severe,2.4,0.0,9.0,,,
2023,SMC-5 (U10),U15,severe,3.1,0.0,7.1,26.4,-116.4,100.0
2023,SMC-5 (U15),U5,severe,5.4,0.0,14.9,,,
2023,SMC-5 (U15),5-10,severe,1.0,0.0,5.3,,,
2023,SMC-5 (U15),10-15,severe,0.4,0.0,4.2,,,
2023,SMC-5 (U15),U15,severe,2.6,0.0,6.3,41.0,-99.7,100.0
2024,BAU: SMC-4 (U5),U5,severe,10.4,0.0,21.1,,,
2024,BAU: SMC-4 (U5),5-10,severe,4.1,0.0,10.3,,,
2024,BAU: SMC-4 (U5),10-15,severe,1.9,0.0,8.3,,,
2024,BAU: SMC-4 (U5),U15,severe,6.0,2.3,10.8,,,
2024,SMC-5 (U5),U5,severe,6.5,0.0,15.6,,,
2024,SMC-5 (U5),5-10,severe,4.6,0.0,10.8,,,
2024,SMC-5 (U5),10-15,severe,1.8,0.0,8.5,,,
2024,SMC-5 (U5),U15,severe,4.6,0.0,8.8,5.8,-190.4,100.0
2024,SMC-4 (U10),U5,severe,9.7,0.0,20.0,,,
2024,SMC-4 (U10),5-10,severe,1.5,0.0,7.4,,,
2024,SMC-4 (U10),10-15,severe,1.2,0.0,6.2,,,
2024,SMC-4 (U10),U15,severe,4.6,0.0,9.4,-3.0,-287.8,100.0
2024,SMC-4 (U15),U5,severe,9.6,0.0,19.7,,,
2024,SMC-4 (U15),5-10,severe,1.8,0.0,7.3,,,
2024,SMC-4 (U15),10-15,severe,0.6,0.0,4.5,,,
2024,SMC-4 (U15),U15,severe,4.5,0.5,9.6,7.6,-196.9,94.0
2024,SMC-5 (U10),U5,severe,6.0,0.0,14.2,,,
2024,SMC-5 (U10),5-10,severe,0.5,0.0,3.5,,,
2024,SMC-5 (U10),10-15,severe,1.6,0.0,8.5,,,
2024,SMC-5 (U10),U15,severe,3.0,0.0,7.2,39.0,-112.7,100.0
2024,SMC-5 (U15),U5,severe,5.8,0.0,15.0,,,
2024,SMC-5 (U15),5-10,severe,0.8,0.0,3.6,,,
2024,SMC-5 (U15),10-15,severe,0.3,0.0,4.1,,,
2024,SMC-5 (U15),U15,severe,2.6,0.0,5.9,49.4,-70.9,100.0
2025,BAU: SMC-4 (U5),U5,severe,10.9,1.2,20.6,,,
2025,BAU: SMC-4 (U5),5-10,severe,3.3,0.0,9.6,,,
2025,BAU: SMC-4 (U5),10-15,severe,1.7,0.0,7.4,,,
2025,BAU: SMC-4 (U5),U15,severe,5.9,2.1,10.7,,,
2025,SMC-5 (U5),U5,severe,6.6,0.0,15.0,,,
2025,SMC-5 (U5),5-10,severe,4.5,0.0,14.7,,,
2025,SMC-5 (U5),10-15,severe,1.4,0.0,7.9,,,
2025,SMC-5 (U5),U15,severe,4.5,0.5,9.0,,,
2025,SMC-4 (U10),U5,severe,10.4,2.5,21.0,,,
2025,SMC-4 (U10),5-10,severe,1.3,0.0,6.2,,,
2025,SMC-4 (U10),10-15,severe,1.1,0.0,7.7,,,
2025,SMC-4 (U10),U15,severe,4.8,1.0,9.2,,,
2025,SMC-4 (U15),U5,severe,10.2,2.6,19.4,,,
2025,SMC-4 (U15),5-10,severe,0.7,0.0,3.4,,,
2025,SMC-4 (U15),10-15,severe,0.7,0.0,3.9,,,
2025,SMC-4 (U15),U15,severe,4.4,1.0,8.4,,,
2025,SMC-5 (U10),U5,severe,5.7,0.0,13.3,,,
2025,SMC-5 (U10),5-10,severe,0.6,0.0,5.0,,,
2025,SMC-5 (U10),10-15,severe,1.6,0.0,9.5,,,
2025,SMC-5 (U10),U15,severe,2.9,0.0,5.4,,,
2025,SMC-5 (U15),U5,severe,6.3,0.0,17.6,,,
2025,SMC-5 (U15),5-10,severe,0.6,0.0,3.4,,,
2025,SMC-5 (U15),10-15,severe,0.1,0.0,1.9,,,
2025,SMC-5 (U15),U15,severe,2.8,0.0,7.2,,,
2026,BAU: SMC-4 (U5),U5,severe,9.4,2.6,17.9,,,
2026,BAU: SMC-4 (U5),5-10,severe,3.7,0.0,12.4,,,
2026,BAU: SMC-4 (U5),10-15,severe,1.4,0.0,8.7,,,
2026,BAU: SMC-4 (U5),U15,severe,5.3,1.6,10.1,,,
2026,SMC-5 (U5),U5,severe,7.4,0.0,16.6,,,
2026,SMC-5 (U5),5-10,severe,3.2,0.0,11.0,,,
2026,SMC-5 (U5),10-15,severe,0.9,0.0,4.2,,,
2026,SMC-5 (U5),U15,severe,4.2,0.0,8.4,-3.6,-155.0,100.0
2026,SMC-4 (U10),U5,severe,10.2,0.0,24.2,,,
2026,SMC-4 (U10),5-10,severe,1.0,0.0,5.1,,,
2026,SMC-4 (U10),10-15,severe,1.6,0.0,8.6,,,
2026,SMC-4 (U10),U15,severe,4.8,0.0,10.6,-14.4,-249.3,100.0
2026,SMC-4 (U15),U5,severe,9.8,1.2,19.5,,,
2026,SMC-4 (U15),5-10,severe,1.6,0.0,6.9,,,
2026,SMC-4 (U15),10-15,severe,0.6,0.0,4.3,,,
2026,SMC-4 (U15),U15,severe,4.5,1.1,8.2,-11.9,-286.8,83.1
2026,SMC-5 (U10),U5,severe,6.4,0.0,17.2,,,
2026,SMC-5 (U10),5-10,severe,0.6,0.0,3.7,,,
2026,SMC-5 (U10),10-15,severe,1.3,0.0,8.7,,,
2026,SMC-5 (U10),U15,severe,3.1,0.0,7.7,20.6,-177.9,100.0
2026,SMC-5 (U15),U5,severe,6.3,0.0,14.4,,,
2026,SMC-5 (U15),5-10,severe,0.8,0.0,3.8,,,
2026,SMC-5 (U15),10-15,severe,0.1,0.0,2.0,,,
2026,SMC-5 (U15),U15,severe,2.8,0.0,6.0,29.1,-128.5,100.0
2027,BAU: SMC-4 (U5),U5,severe,8.9,2.4,20.0,,,
2027,BAU: SMC-4 (U5),5-10,severe,1.6,0.0,6.6,,,
2027,BAU: SMC-4 (U5),10-15,severe,1.1,0.0,5.7,,,
2027,BAU: SMC-4 (U5),U15,severe,4.3,1.0,8.5,,,
2027,SMC-5 (U5),U5,severe,6.7,0.0,20.0,,,
2027,SMC-5 (U5),5-10,severe,3.0,0.0,12.7,,,
2027,SMC-5 (U5),10-15,severe,1.0,0.0,7.3,,,
2027,SMC-5 (U5),U15,severe,3.9,0.0,10.8,,,
2027,SMC-4 (U10),U5,severe,10.7,1.2,23.2,,,
2027,SMC-4 (U10),5-10,severe,0.6,0.0,5.0,,,
2027,SMC-4 (U10),10-15,severe,0.9,0.0,9.0,,,
2027,SMC-4 (U10),U15,severe,4.7,1.0,10.3,,,
2027,SMC-4 (U15),U5,severe,11.1,0.0,24.1,,,
2027,SMC-4 (U15),5-10,severe,1.1,0.0,6.6,,,
2027,SMC-4 (U15),10-15,severe,0.7,0.0,4.3,,,
2027,SMC-4 (U15),U15,severe,4.9,1.0,10.3,,,
2027,SMC-5 (U10),U5,severe,5.5,0.0,11.0,,,
2027,SMC-5 (U10),5-10,severe,0.4,0.0,3.3,,,
2027,SMC-5 (U10),10-15,severe,1.3,0.0,7.5,,,
2027,SMC-5 (U10),U15,severe,2.7,0.0,6.0,,,
2027,SMC-5 (U15),U5,severe,6.5,0.0,16.3,,,
2027,SMC-5 (U15),5-10,severe,0.2,0.0,3.2,,,
2027,SMC-5 (U15),10-15,severe,0.5,0.0,4.0,,,
2027,SMC-5 (U15),U15,severe,2.8,0.0,7.4,,,
