date,Ghana|susp,Ghana|pos,Northern|susp,Northern|pos,Upper West|susp,Upper West|pos,Upper East|susp,Upper East|pos
2015-01-01,352850.0,162832.0,14820.0,3913.0,17138.0,10671.0,22743.0,9264.0
2015-02-01,329953.0,141710.0,14756.0,2857.0,15036.0,8004.0,23266.0,8893.0
2015-03-01,384811.0,170838.0,13286.0,4075.0,14845.0,7050.0,23209.0,9068.0
2015-04-01,393249.0,179800.0,13066.0,4263.0,11992.0,6093.0,19072.0,7141.0
2015-05-01,368893.0,181351.0,11251.0,3423.0,10086.0,4972.0,16264.0,5159.0
2015-06-01,462601.0,213841.0,20150.0,5605.0,11663.0,5544.0,17170.0,5548.0
2015-07-01,501399.0,248289.0,30961.0,7888.0,18366.0,10135.0,27015.0,11436.0
2015-08-01,472116.0,247481.0,39571.0,12527.0,16465.0,8327.0,46002.0,24158.0
2015-09-01,488830.0,264219.0,41242.0,17483.0,26746.0,13801.0,70852.0,40572.0
2015-10-01,561597.0,299582.0,40639.0,15866.0,34162.0,21348.0,85860.0,54703.0
2015-11-01,487554.0,247449.0,26706.0,11099.0,26000.0,15237.0,47919.0,22752.0
2015-12-01,436334.0,224488.0,18207.0,8040.0,14982.0,5784.0,42917.0,24264.0
2016-01-01,379389.0,176166.0,14035.0,4873.0,15427.0,3976.0,33929.0,17671.0
2016-02-01,376312.0,163358.0,13845.0,4603.0,20018.0,5923.0,35520.0,16975.0
2016-03-01,346942.0,144295.0,11827.0,4204.0,16169.0,4651.0,33909.0,14115.0
2016-04-01,426418.0,207530.0,11521.0,3661.0,13948.0,5585.0,27773.0,10747.0
2016-05-01,440815.0,227257.0,11601.0,4640.0,12752.0,5872.0,23551.0,8831.0
2016-06-01,500182.0,252459.0,20030.0,7420.0,16996.0,9363.0,24254.0,9393.0
2016-07-01,494694.0,279588.0,27307.0,13193.0,20213.0,11858.0,56981.0,36518.0
2016-08-01,468079.0,251708.0,31430.0,14082.0,18457.0,9634.0,66224.0,44086.0
2016-09-01,465233.0,248702.0,32266.0,14997.0,26923.0,15153.0,65558.0,42955.0
2016-10-01,606434.0,326293.0,40337.0,17243.0,36504.0,23707.0,82605.0,54288.0
2016-11-01,506448.0,244971.0,29255.0,11123.0,19900.0,9616.0,58521.0,31875.0
2016-12-01,367497.0,160556.0,20002.0,5290.0,11407.0,4158.0,36276.0,15410.0
2017-01-01,395124.0,203443.0,23228.0,8888.0,15817.0,7629.0,40194.0,21095.0
2017-02-01,362799.0,177580.0,16034.0,5139.0,15064.0,7034.0,32183.0,15240.0
2017-03-01,365500.0,174523.0,16361.0,4551.0,11760.0,5228.0,28738.0,11549.0
2017-04-01,337277.0,170282.0,14511.0,3772.0,10067.0,4127.0,23594.0,8469.0
2017-05-01,403113.0,228208.0,12275.0,4421.0,14556.0,8711.0,24247.0,8987.0
2017-06-01,437688.0,259211.0,19720.0,10985.0,21357.0,14749.0,29718.0,12842.0
2017-07-01,473345.0,281028.0,30431.0,18102.0,21059.0,14216.0,59768.0,37795.0
2017-08-01,489219.0,301163.0,36598.0,20718.0,15017.0,8491.0,55736.0,36325.0
2017-09-01,472312.0,296187.0,34902.0,21583.0,19823.0,11628.0,71651.0,48997.0
2017-10-01,513240.0,307025.0,34232.0,21388.0,23495.0,13469.0,68462.0,46064.0
2017-11-01,460545.0,255890.0,28087.0,14442.0,13528.0,7510.0,43745.0,27024.0
2017-12-01,415933.0,229975.0,19664.0,8129.0,11120.0,5589.0,33565.0,19876.0
2018-01-01,436698.0,239599.0,23451.0,8580.0,15430.0,7184.0,36084.0,18341.0
2018-02-01,404047.0,202743.0,18213.0,7642.0,17228.0,7279.0,34148.0,14199.0
2018-03-01,401379.0,201791.0,13168.0,5044.0,12303.0,5037.0,27862.0,9882.0
2018-04-01,403974.0,221469.0,12499.0,4434.0,14819.0,7500.0,23575.0,8104.0
2018-05-01,422767.0,249370.0,13176.0,5302.0,14218.0,7558.0,20470.0,7204.0
2018-06-01,491332.0,289055.0,22742.0,12883.0,19466.0,12294.0,22843.0,8485.0
2018-07-01,529898.0,301535.0,24753.0,14150.0,19299.0,11332.0,46622.0,26208.0
2018-08-01,498116.0,300380.0,28406.0,17131.0,21901.0,12993.0,55696.0,35387.0
2018-09-01,467806.0,296150.0,28734.0,16508.0,30765.0,19810.0,64848.0,44724.0
2018-10-01,590674.0,368773.0,31890.0,17122.0,43701.0,30968.0,77413.0,55748.0
2018-11-01,533283.0,325437.0,22328.0,11259.0,38676.0,27138.0,57785.0,42103.0
2018-12-01,391140.0,229008.0,16587.0,8986.0,19048.0,11232.0,33174.0,21316.0
2019-01-01,377919.0,202499.0,16520.0,7656.0,17296.0,8384.0,38656.0,20029.0
2019-02-01,379797.0,193926.0,13706.0,5933.0,18903.0,8297.0,37459.0,17834.0
2019-03-01,387218.0,198093.0,12280.0,5543.0,20479.0,9655.0,35425.0,15515.0
2019-04-01,361522.0,191641.0,11055.0,5177.0,13654.0,5522.0,27381.0,10596.0
2019-05-01,432734.0,247374.0,12618.0,5899.0,13722.0,6078.0,27436.0,11072.0
2019-06-01,532463.0,322110.0,20581.0,12106.0,31742.0,23181.0,29906.0,14513.0
2019-07-01,606535.0,371315.0,34442.0,16759.0,38699.0,26454.0,48723.0,29100.0
2019-08-01,536827.0,340648.0,25327.0,10088.0,34986.0,24577.0,63239.0,43505.0
2019-09-01,513602.0,314124.0,24672.0,10648.0,41272.0,27237.0,72529.0,47714.0
2019-10-01,659700.24,396211.0,28081.0,14005.0,45811.0,30861.0,88254.0,61681.0
2019-11-01,670996.0,403203.0,26698.0,13799.0,43769.0,31781.0,70667.0,49984.0
2019-12-01,447703.0,272006.0,18493.0,8415.0,25308.0,17337.0,38054.0,25133.0
2020-01-01,377630.0,200993.0,18366.0,6718.0,16712.0,8177.0,33795.0,18877.0
2020-02-01,383572.0,182950.0,15709.0,5497.0,18582.0,8527.0,30529.0,14034.0
2020-03-01,330759.0,158454.0,13020.0,4736.0,17288.0,7606.0,27237.0,11173.0
2020-04-01,274471.0,156882.0,7967.0,3381.0,10410.0,3972.0,19572.0,7200.0
2020-05-01,307358.0,188380.0,10471.0,5320.0,11389.0,5191.0,20522.0,8187.0
2020-06-01,351957.0,234731.0,13424.0,7657.0,23008.0,16182.0,24390.0,11991.0
2020-07-01,449032.0,302263.0,19630.0,10414.0,34617.0,27762.0,57670.0,42349.0
2020-08-01,415019.0,274541.0,18189.0,9598.0,27918.0,21407.0,44657.0,31251.0
2020-09-01,339422.0,216694.0,18838.0,10225.0,24826.0,18016.0,42456.0,31010.0
2020-10-01,486987.0,298228.0,31335.0,17626.0,35787.0,24774.0,71267.0,49740.0
2020-11-01,524942.0,316213.0,33022.0,18986.0,27722.0,20057.0,52314.0,36503.0
2020-12-01,421726.0,244707.0,18175.0,9914.0,19642.0,12449.0,33185.0,20237.0
2021-01-01,386254.0,211904.0,17963.0,8790.0,16973.0,8755.0,30402.0,16188.0
2021-02-01,357725.0,181539.0,14909.0,7033.0,14743.0,6931.0,33641.0,15320.0
2021-03-01,372450.0,180333.0,14179.0,5645.0,15872.0,6125.0,32937.0,12878.0
2021-04-01,368202.0,191088.0,12029.0,4912.0,14046.0,4835.0,24351.0,7882.0
2021-05-01,390891.97,210396.0,10748.0,4880.0,13620.0,5109.0,24862.0,8264.0
2021-06-01,495359.0,266047.0,22709.0,11913.0,26012.0,14854.0,30263.0,10488.0
2021-07-01,630926.0,367176.0,34668.0,21245.0,44545.0,31782.0,56611.0,33367.0
2021-08-01,526512.0,314519.0,30579.0,16342.0,28681.0,18558.0,57503.0,32398.0
2021-09-01,483003.0,282157.0,25508.0,14904.0,29271.0,17861.0,71142.0,42631.0
2021-10-01,548498.0,324601.0,27273.0,18812.0,41245.0,28609.0,67532.0,45809.0
2021-11-01,491511.0,280435.0,24774.0,15334.0,28121.0,19426.0,47997.0,32020.0
2021-12-01,409004.0,220610.0,19876.0,10503.0,20898.0,13706.0,37982.0,23153.0
2022-01-01,291402.0,149648.0,18520.0,8832.0,13895.0,7700.0,28789.0,16140.0
2022-02-01,314618.0,150950.0,16020.0,8022.0,14598.0,6777.0,31824.0,14054.0
2022-03-01,336012.0,156859.0,13864.0,6219.0,13451.0,5695.0,28971.0,10599.0
2022-04-01,317238.0,155680.0,11096.0,5200.0,11451.0,4384.0,20023.0,6451.0
2022-05-01,424715.0,235808.0,17667.0,10032.0,18714.0,11906.0,22951.0,8561.0
2022-06-01,487108.0,271801.0,23364.0,14230.0,23104.0,15441.0,28120.0,12264.0
2022-07-01,438979.0,262731.0,21587.0,14007.0,26617.0,18585.0,40006.0,24789.0
2022-08-01,428245.0,258498.0,21090.0,13217.0,25825.0,18168.0,42219.0,27118.0
2022-09-01,427615.0,249525.0,25429.0,15459.0,33296.0,21848.0,55323.0,36549.0
2022-10-01,551516.0,313686.0,32418.0,19610.0,38196.0,25585.0,72917.0,47323.0
2022-11-01,461308.0,271861.0,26682.0,16702.0,27270.0,20417.0,50203.0,35642.0
2022-12-01,356297.0,199694.0,17525.0,9133.0,14661.0,8878.0,28150.0,17876.0
2023-01-01,320506.0,167796.0,17121.0,7291.0,13447.0,6906.0,29866.0,16739.0
2023-02-01,346038.0,159767.0,15393.0,6453.0,14268.0,6427.0,27165.0,12602.0
2023-03-01,394062.0,180182.0,14279.0,5911.0,13507.0,4967.0,32474.0,12256.0
2023-04-01,358825.0,183596.0,11212.0,4790.0,12326.0,4667.0,21745.0,7049.0
2023-05-01,419567.0,223641.0,14732.0,6588.0,14555.0,6150.0,23015.0,7752.0
2023-06-01,459043.0,258826.0,20293.0,10805.0,26443.0,16545.0,22957.0,8411.0
2023-07-01,522863.0,306052.0,27669.0,15652.0,29101.0,18408.0,37988.0,20552.0
2023-08-01,567539.0,328589.0,30418.0,18276.0,31095.0,19713.0,45117.0,27389.0
2023-09-01,532446.0,306718.0,27372.0,16531.0,29365.0,19363.0,56229.0,35544.0
2023-10-01,503861.0,303131.0,30544.0,19479.0,35872.0,26560.0,59950.0,42727.0
2023-11-01,430626.0,250892.0,29253.0,18441.0,26229.0,19382.0,40513.0,27502.0
2023-12-01,350717.0,183196.0,21386.0,11524.0,15309.0,9783.0,22538.0,12063.0
2024-01-01,353354.9,171715.0,17290.0,8541.0,17559.0,9774.0,29740.0,13857.0
2024-02-01,356376.0,156004.0,14471.0,6786.0,15227.0,7221.0,25412.0,10379.0
2024-03-01,327471.0,136597.0,13976.0,5612.0,11545.0,4633.0,23055.0,8190.0
2024-04-01,322380.0,143554.0,10700.0,4686.0,10691.0,3980.0,21104.0,6821.0
2024-05-01,370489.0,172058.0,14348.0,6189.0,11819.0,4742.0,24064.0,7400.0
2024-06-01,432451.0,233576.0,16470.0,9062.0,15091.0,7190.0,21377.0,7486.0
2024-07-01,601146.0,330426.0,25887.0,15284.0,28698.0,17250.0,40440.0,18934.0
2024-08-01,479618.0,279887.0,27480.0,16010.0,24983.0,16655.0,39848.0,23929.0
2024-09-01,418319.0,233353.0,24642.0,14787.0,21839.0,13462.0,45862.0,26811.0
2024-10-01,513887.0,277848.0,29894.0,16752.0,34321.0,22261.0,59539.0,37495.0
2024-11-01,459398.0,254140.0,25789.0,15500.0,25822.0,17898.0,38533.0,26108.0
2024-12-01,360214.0,184469.0,16387.0,7923.0,14778.0,8893.0,22773.0,11776.0
